,title,label
0,아침부터 고생해서 등갈비마라탕 해준 남편에게 설거지 다 할거냐며 짜증낸,0
1,1호가 김경아 ♥권재관표 거한 아침상에 당황 아침부터 마라탕을,0
2,1호가 권재관 아침부터 등갈비·마라탕·스파게티김경아 머리숱 없어서,0
3,정시아 아수라장 MC 합류마라탕맛 맘토크,0
4,마라탕 맛 없다더니 다 먹고 반품배달거지에 당했다,0
5,1호가될순없어 권재관 아침부터 등갈비마라탕 요리 경악 1,0
6,조금만 먹었다면서요”···텅 빈 마라탕 반품에 분노한 사장님,0
7,SNS판 배달 거지에게 당했다 일산 마라탕 업주의 하소연,0
8,마라탕 공짜로 한그릇 더 먹으려식당 주인에 사기친 배달 거지’사연뉴스,0
9,中 너네도 당해봐훠궈·마라탕 韓 전통음식”,0
10,방구석 세계여행③ 하루 24시간 12개 도시 투어도 가능”,0
11,한국 조상들은 예로부터 훠궈와 마라탕을” 이게 무슨소리야,0
12,이승윤 즉석에서 작곡한 마라탕 공개윤종신 가사 의미 있어 호평,0
13,유명가수전’ 이승윤 이별 노래로 마라탕’ 즉석 작곡→윤종신 가사 의,0
14,최문순 왜 차이나타운에 꽂혔나 맹폭한 이준석 마라탕·고량주 고장 안 됐,0
15,정읍 마라부 마라탕 덴탈마스크 20만 매 기탁,0
16,영상 마라탕·훠궈가 한국 음식 역逆 동북공정으로 맞선 토종기업,0
17,마라부 마라탕 코로나19 극복 덴탈마스크 20만 매 기탁,0
18,훠궈 마라탕은 한국음식만우절 역 동북공정 화제,0
19,위아이 김요한·장대현 마라탕맛 위아이,0
20,펜트하우스 김순옥표 마라탕맛 통했네,0
21,하다 하다 中 비빔밥까지대륙 자본에 맛들인 빈센조 PPL,0
22,마라탕·�c얌꿍도 간편하게해외요리 밀키트 인기,1
23,맛남의 광장 이선빈 농산물 대변인 변신백종원표 마라탕 폭풍 흡입,0
24,KCA한국소비자평가 2021 KCA 딜리버리 푸드 어워즈 서울 지역 수상자 발표,1
25,김경아♥권재관 1호가 될 순 없어’ NEW 마라맛 부부 종합,0
26,중국에선 욕할 때 이렇게 한다마라탕 국물을 먹으면 안 되는 이유 영상,0
27,뉴스큐 우리 조상이 훠궈와 마라탕을 즐겼다반중 정서 확산,0
28,이영지·최유정 우리집 커버 영상에 떡볶이 떠올린 누리꾼왜,0
29,손님이 면 퍼졌다며 음식을 반품했습니다 그런데 상태가”,0
30,놀면뭐하니 유재석 마라탕·민트초코·킹크랩 사양까탈레나유 등극,0
31,bnt화보 브레이브걸스 유정 일식 애호가지만 인생 음식은 은지 덕에 눈뜬,0
32,백브리핑 마라탕 즐겨먹은 우리 조상들 중국도 느껴봐,0
33,탕화쿵푸마라탕 주다온시스템 클린세이버와 업무협약MOU 체결,1
34,권재관 3절대 모발이식 고백모발이식계 3스타 등극1호가’,0
35,정준하 불화 이휘재가 지어낸 것김수용 정준하 극혐 1호가종합,0
36,이동국 재시X재아와 마라탕 데이트붕어빵 부녀들의 달달 모먼트,0
37,10줄리뷰마라탕은 처음이라 골목대장 맥주와 함께,0
38,영어 안통하는 택시·매운 마라탕 홍콩의 중국화 안타깝죠,0
39,이동국 딸 재시 한창 잘 먹을 나이 15세마라탕 먹고싶다,0
40,살 쫙 빼고 턱선 생기더니 마라탕 존재조차 잊어버린 이영지 근황,0
41,숙행 트롯 매직유랑단’ 요즘 핫해마라탕 수준의 매운 맛 보여줄 것”,0
42,지식 1스푼 자취 인기배달음식 마라탕 국물은 마시는게 아니다,1
43,중국 식품기업 진마이랑 마라탕면에 이어 새로운 라면 선봬,1
44,건강 중시 트렌드에 떠오르는 대체 식음료,1
45,세종다문화 마라탕의 인기는 언제까지,1
46,빈센조 뜬급없는 중국산 비빔밥에 불만 폭주차라리 마라탕 먹어라,-1
47,아돌라스쿨’ 드리핀 황윤성 배달 맛집 분석 특강,1
48,남도 맛집양떼목장 더워진 날씨에 기력이 떨어진다면담백·고소한 양다,1
49,맛남의 광장’ 이선빈 마라탕 폭풍 먹방 얼얼한 거 진짜 좋아해”,0
50,박연수 딸 송지아 먹성에 깜짝 얼굴만한 와플세수 대야만한 마라탕까지i,0
51,이동국 딸 수아 시안이와 생애 첫 마라탕에도 진심 두근두근,0
52,쓱 넘긴 11번가 LG트윈스 응원 나선다풀무원과 한정상품 선봬,0
53,선거날 임시공휴일 만우절 거짓말일까,0
54,맛남 양세형 마라탕 먹고 감탄 시청자들에게 미안해,0
55,RISING FRANCHISE STAR  피슈마라홍탕 마라탕 열풍을 일으킨 주인공,1
56,훠궈·마라탕 한국 거라는 만우절 역 동북공정 저격에 열 받은 중국인들 반,0
57,인기 유튜버 버거형 마라탕면 방송 현재 경품 행사중,1
58,유재석 마라탕 No 민트초코 No아내 나경은도 내게 까다롭다고 놀면 ,0
59,마라탕 창업 프랜차이즈 선택 노하우 3가지,0
60,박미선 끝을 보는 권재관에 이봉원보다 더해 1호가,0
61,인천은 쫄면이다 왜냐하면,0
62,정읍시 마라부 마라탕 김호 대표 덴탈마스크 20만 매 기탁,0
63,호불호 강한 민초 좋아한다더니 최애 음식은 마라탕마라샹궈라 밝힌 한지,0
64,롤린 브레이브걸스 좋아하는 안주는 닭발 마라탕 회 먹태 컬투쇼,0
65,마라탕 흑당에 이어 지금은 K로제 열풍부드럽고 매콤한 맛으로 MZ세대,1
66,포토 피슈마라홍탕 2021 대한민국 퍼스트브랜드 대상 마라탕전문점 부문,0
67,14F 배달 거지 피해,-1
68,TV조선 아내를 위한 이벤트 준비,0
69,함소원 야밤에 ♥진화가 만든 마라탕 먹방 퇴근해 아쉬워서”SNS★컷,1
70,건강 중시 트렌드에 수요↑떠오르는 대체 식음료,1
71,백종원 한국 재벌 14위8300억 재산 양세형 너스레,0
72,불황에도 마라탕 창업 꾸준한 인기비결,1
73,마라탕은 한국 음식  국내 기업이 중국 동북공정 겨냥해 통쾌한 일침을 ,0
74,건강 중시 트렌드에 대체 식음료가 뜬다,1
75,가정간편식의 편리함과 완성도 높이는 간편 소스 인기,1
76,풀뿌리상권 살려내자냉면에서 마라탕까지대한민국 대표 면 요리 특구 진주,0
77,마라탕에 고수 추가해달라니까 사장이 뜬금없는 물건을 보냈습니다”,0
78,뒤돌아’ 유희열 손잡은 젝키 마라탕 합숙기→발라드 음악예능도 통할까T,0
79,책읽아웃 나에게 좋은 자극을 준 책,0
80,훠궈한국 것’ 만우절 마케팅에 한국인들 아파 보여”中 누리꾼 발끈,0
81,이 사진들을 본다면 앞으로 마라탕’을 먹기 힘들지도 모릅니다 혐오 주의,0
82,이선빈 김태희와 특별한 인연 中드라마서 같이 연기해유병재 성덕 인증,0
83,우주소녀 1위 예상 못해 공약 연습 중에너지 200 토크 정희 종합,1
84,부산광역시청 탕화쿵푸마라탕 남포점·최진섭 신경외과의원 방문객 코로나 진,0
85,대전시다문화추운 겨울 몸을 녹여줄 중국의 마라탕을 소개합니다,0
86,덕후의 취향 31 마라탕  내 맘대로 고른 마라탕痲辣湯 맛집 best 4,1
87,맛남 이선빈 감자 사랑 인증→하이힐 배달기 ft 백종원 재벌종합,0
88,맛집로드 혀가 얼얼한데 자꾸 당기네 매운맛의 대세 마라,1
89,지붕 위로 배달中 배달원 700만 명 생계 건 질주’,0
90,방구석 세계여행② 현지의 맛 그대로다국적 식탁 유행,0
91,11번가 LG트윈스·풀무원 콜라보 정백홍 비빔면 세트’ 판매,0
92,이선빈 김태희와 함께 중국서 中배우들과 드라마 찍어” 맛남 결정적장면,0
93,우리 가게 자신있는 상품만 내놓는 금요일 금바구니’ 매출 25배 늘어,0
94,마라탕·짜파구리·백순대귀찮은 집밥 요리같은 이색 컵라면,0
95,必검진전남 영암군청 삼호읍 골탕마라탕 방문자 보건소 검사 요망코로나1,0
96,속보보령시청 탕화쿵푸마라탕제주밤바다용인대 반석태권도방문자 코로,0
97,진마이랑 마라탕면 출시 1년 만에 100만 개 판매 돌파,1
98,한유라 남편 정형돈과 강남 데이트마라탕 느낌 박성광 아내 이솔이 셋이,0
99,마라탕 덕후라면 꼭 알아둬야 매콤알싸한 마라탕 더 맛있게 먹는 꿀팁 4,0
100,박연수 딸 송지아 먹성에 깜짝 얼굴만한 와플세수 대야만한 마라탕까지i,0
101,정읍 마라부 마라탕 덴탈마스크 20만매 기탁,0
102,이동국 딸 수아 시안이와 생애 첫 마라탕에도 진심 두근두근,0
103,진짜 심각한다” 아침상 차리다가 격한 갈등 터진 연예인 부부 영상,0
104,쓱 넘긴 11번가 LG트윈스 응원 나선다풀무원과 한정상품 선봬,0
105,선거날 임시공휴일 만우절 거짓말일까,0
106,1호가’ 김경아 남편 권재관 6천모 이식받았다”,0
107,진마이랑 마라탕면에 이어 새로운 컵라면 사천식 탄탄면선봬,1
108,맛남의 광장 백종원 양세형에 달고나로 굴욕,0
109,맛남 양세형 마라탕 먹고 감탄 시청자들에게 미안해,0
110,맛남 양세형 마라탕 먹고 감탄 시청자들에게 미안해,0
111,맛남의 광장’ 이선빈 A급 알바생 변신,0
112,권재관 탈모로 6000모 이식 받았다 1호가,0
113,RISING FRANCHISE STAR  피슈마라홍탕 마라탕 열풍을 일으킨 주인공,1
114,훠궈·마라탕 한국 거라는 만우절 역 동북공정 저격에 열 받은 중국인들 반,0
115,드리핀 차준호 아이돌 중 요리는 1등 찌개 잘해 요리 강사 변신,0
116,11번가 LG트윈스풀무원 정백홍 비빔면 세트’ 판매,0
117,인기 유튜버 버거형 마라탕면 방송 현재 경품 행사중,1
118,유재석 마라탕 No 민트초코 No아내 나경은도 내게 까다롭다고 놀면 ,0
119,마라탕 창업 프랜차이즈 선택 노하우 3가지,0
120,마라탕 창업 프랜차이즈 선택 노하우 3가지,0
121,1호가’ 권재관 모발이식 깜짝 고백하며 스튜디오 뒤집었다 MTV인사이드,0
122,맛남의 광장 백종원 달고나 알못 양세형에 굴욕,0
123,김경아 남편 권재관 6000모 심었다 깜짝 폭로1호가서 결혼생활 첫 공개,0
124,정시아 아수라장’ MC 발탁,0
125,박미선 끝을 보는 권재관에 이봉원보다 더해 1호가,0
126,훠궈 끓여먹는 선조들 풍속화中 얼마나 황당한지 느껴봤으면,0
127,인천은 쫄면이다 왜냐하면,0
128,정읍시 마라부 마라탕 김호 대표 덴탈마스크 20만 매 기탁,0
129,호불호 강한 민초 좋아한다더니 최애 음식은 마라탕마라샹궈라 밝힌 한지,0
130,맛남의 광장’ 백종원 동두천 달고나 왕’ 양세형에 굴욕,0
131,호불호 강한 민초 좋아한다더니 최애 음식은 마라탕마라샹궈라 밝힌 한지,0
132,정시아 아수라장’ MC 합류 공식,0
133,롤린 브레이브걸스 좋아하는 안주는 닭발 마라탕 회 먹태 컬투쇼,0
134,마라탕 흑당에 이어 지금은 K로제 열풍부드럽고 매콤한 맛으로 MZ세대,1
135,김경아 ♥권재관 탈모 디스 머리숱이 없어서 모르냐 1호가,0
136,11번가 LG트윈스·풀무원 협업 한정판 정·백·홍 비빔면 세트 판매,0
137,1호가 될 순 없어 뉴페이스 등장개그인 5호 부부 김경아권재관 아침,0
138,돼지 목에 진주목걸이 1호가 김경아 권재관의 진수성찬 요리에도 시리얼,1
139,박연수 송지아 내 딸 맞아얼굴만 한 와플 먹고 바로 세숫대야만 한 마라,0
140,1호가 김경아♥권재관 최초 일상 공개6천 모 모발이식 폭로까지,0
141,돼지 목에 진주목걸이 1호가 김경아 권재관의 진수성찬 요리에도 시리얼,1
142,박연수 송지아 내 딸 맞아얼굴만 한 와플 먹고 바로 세숫대야만 한 마라,0
143,정시아 MC발탁 수위 없는 아수라장 공식입장,0
144,포토 피슈마라홍탕 2021 대한민국 퍼스트브랜드 대상 마라탕전문점 부문,0
145,14F 배달 거지 피해,-1
146,1호가 될 순 없어 권재관 중독성甲 마라 재관으로 웃음 유발 언밸런스 ,0
147,TV조선 아내를 위한 이벤트 준비,0
148,마라탕면 인기에 힘입어 탄탄면 컵라면 출시 중국 라면 열풍,1
149,1호가 김경아♥권재관 아침식사 전쟁新커플 지각변동,0
150,TV조선 아내를 위한 이벤트 준비,0
151,마라탕면 인기에 힘입어 탄탄면 컵라면 출시 중국 라면 열풍,1
152,1호가 김경아♥권재관 아침식사 전쟁新커플 지각변동,0
153,1호가’ 김경아♥권재관 일상 첫 공개모발 이식 디스까지,0
154,맛남의 광장’ 이선빈 맛남 매운맛 최강자→A급 알바생으로 MK★TV컷,0
155,함소원 야밤에 ♥진화가 만든 마라탕 먹방 퇴근해 아쉬워서”SNS★컷,1
156,1호가 권재관 능숙함과 허술함 사이 언밸런스 끝판왕,0
157,훠궈 끓여먹는 우리 조상들중국 역사 왜곡 얼마나 황당한지 느껴야”,0
158,공식정시아 은밀한 女수다쇼 아수라장 합류수위없는 마라맛 맘토크,0
159,건강 중시 트렌드에 수요↑떠오르는 대체 식음료,1
160,1호가 권재관 능숙함과 허술함 사이 언밸런스 끝판왕,0
161,훠궈 끓여먹는 우리 조상들중국 역사 왜곡 얼마나 황당한지 느껴야”,0
162,공식정시아 은밀한 女수다쇼 아수라장 합류수위없는 마라맛 맘토크,0
163,건강 중시 트렌드에 수요↑떠오르는 대체 식음료,1
164,맛남의 광장’ 백종원 동두천 달고나왕 양세형에게 굴욕오늘TV,0
165,백종원 한국 재벌 14위8300억 재산 양세형 너스레,0
166,불황에도 마라탕 창업 꾸준한 인기비결,1
167,마라탕은 한국 음식  국내 기업이 중국 동북공정 겨냥해 통쾌한 일침을 ,0
168,11번가 LG트윈스풀무원 콜라보한정판 비빔면 세트’ 최초 판매,0
169,건강 중시 트렌드에 대체 식음료가 뜬다,1
170,11번가 LG트윈스풀무원 콜라보한정판 비빔면 세트’ 최초 판매,0
171,정시아 MC 발탁 SBS FiL 아수라장서 리얼 맘토크 선보인다,0
172,건강 중시 트렌드에 대체 식음료가 뜬다,1
173,엠디에스코리아 사천왕 마라탕면’ 배우 박효준버거형과 경품이벤트 진행,0
174,훠궈는 한국 전통음식 中에 역逆 동북공정,0
175,가정간편식의 편리함과 완성도 높이는 간편 소스 인기,1
176,투데이TV맛남의 광장 이선빈 농산물 대변인 변신먹방부터 배달까지 다,0
177,풀뿌리상권 살려내자냉면에서 마라탕까지대한민국 대표 면 요리 특구 진주,0
178,아돌라스쿨 차준호 수강생 환불 요구 사태에 멘붕,0
179,마라탕에 고수 추가해달라니까 사장이 뜬금없는 물건을 보냈습니다”,0
180,아돌라스쿨 차준호 수강생 환불 요구 사태에 멘붕,0
181,정시아 아수라장 MC 합류필터링 없는 맘토크 예고,0
182,11번가 LG트윈스풀무원 콜라보 정백홍 비빔면 세트 한정 판매,0
183,마라탕에 고수 추가해달라니까 사장이 뜬금없는 물건을 보냈습니다”,0
184,뒤돌아’ 유희열 손잡은 젝키 마라탕 합숙기→발라드 음악예능도 통할까T,0
185,책읽아웃 나에게 좋은 자극을 준 책,0
186,맛남의 광장 백종원 동두천 달고나왕 양세형에게 굴욕,0
187,훠궈한국 것’ 만우절 마케팅에 한국인들 아파 보여”中 누리꾼 발끈,0
188,이 사진들을 본다면 앞으로 마라탕’을 먹기 힘들지도 모릅니다 혐오 주의,0
189,이선빈 김태희와 특별한 인연 中드라마서 같이 연기해유병재 성덕 인증,0
190,맛남의 광장 백종원 동두천 달고나왕 양세형에게 굴욕,0
191,훠궈한국 것’ 만우절 마케팅에 한국인들 아파 보여”中 누리꾼 발끈,0
192,11번가 LG트윈스풀무원 콜라보 한정판 정백홍 비빔면 세트’ 최초 판매,0
193,정시아 MC발탁 트렌드세터 주부들 궁금증 풀어준다,1
194,이 사진들을 본다면 앞으로 마라탕’을 먹기 힘들지도 모릅니다 혐오 주의,0
195,이선빈 김태희와 특별한 인연 中드라마서 같이 연기해유병재 성덕 인증,0
196,못 먹겠다더니 싹 비운 그릇배달거지에 당했다 업주 분노,0
197,우주소녀 1위 예상 못해 공약 연습 중에너지 200 토크 정희 종합,1
198,이금기 간편 소스·가정간편식 완성도 높은 집쿡 장점 모아 성장세,0
199,부산광역시청 탕화쿵푸마라탕 남포점·최진섭 신경외과의원 방문객 코로나 진,0
200,이금기 간편 소스·가정간편식 완성도 높은 집쿡 장점 모아 성장세,0
201,부산광역시청 탕화쿵푸마라탕 남포점·최진섭 신경외과의원 방문객 코로나 진,0
202,대전시다문화추운 겨울 몸을 녹여줄 중국의 마라탕을 소개합니다,0
203,덕후의 취향 31 마라탕  내 맘대로 고른 마라탕痲辣湯 맛집 best 4,1
204,1호가 될 순 없어 김경아 권재관 부부 첫 일상 공개,0
205,못 먹겠다더니 그릇은 텅텅···배달거지에 당한 사장님,0
206,정시아 여자들의 은밀한 수다쇼 아수라장 MC 합류 29일 첫 방송,0
207,맛남 이선빈 감자 사랑 인증→하이힐 배달기 ft 백종원 재벌종합,0
208,황윤성 절대 미각 집안 내력vs차준호 요리는 감이다,0
209,맛집로드 혀가 얼얼한데 자꾸 당기네 매운맛의 대세 마라,1
210,코로나19 사태 장기화건강 중시 경향 확산 대체 식음료 각광,0
211,지붕 위로 배달中 배달원 700만 명 생계 건 질주’,0
212,방구석 세계여행② 현지의 맛 그대로다국적 식탁 유행,0
213,11번가 LG트윈스·풀무원 콜라보 정백홍 비빔면 세트’ 판매,0
214,놀면 뭐하니 유재석 음식 안 가린다더니 마라탕·민트초코·킹크랩 사양 ,0
215,이선빈 김태희와 함께 중국서 中배우들과 드라마 찍어” 맛남 결정적장면,0
216,우리 가게 자신있는 상품만 내놓는 금요일 금바구니’ 매출 25배 늘어,0
217,마라탕·짜파구리·백순대귀찮은 집밥 요리같은 이색 컵라면,0
218,必검진전남 영암군청 삼호읍 골탕마라탕 방문자 보건소 검사 요망코로나1,0
219,속보보령시청 탕화쿵푸마라탕제주밤바다용인대 반석태권도방문자 코로,0
220,진마이랑 마라탕면 출시 1년 만에 100만 개 판매 돌파,1
221,한유라 남편 정형돈과 강남 데이트마라탕 느낌 박성광 아내 이솔이 셋이,0
222,마라탕 덕후라면 꼭 알아둬야 매콤알싸한 마라탕 더 맛있게 먹는 꿀팁 4,0
223,코로나19로 건강 챙기는 대학생 늘었다 마라탕’매운닭발’ NO 이제는 ,0
224,정시아 MC발탁 프로그램은,0
225,태안다문화중국 특색음식 마라탕’,0
226,딤섬·마라탕·훠궈는 韓 전통음식 中에 맞선 만우절 마케팅,0
227,정시아 MC발탁 TV판 맘카페 아수라장 합류 수위없는 맘토크,0
228,2021 대한민국 퍼스트브랜드 대상 식품·외식 부문,0
229,마라탕 국물만은 먹지마세요,0
230,마라탕 국물만은 먹지마세요,0
231,마라탕’보다 맛있다고 소문난 카오위’,0
232,하오츠마라탕 프랜차이즈 가맹점 모집 진행,0
233,더본코리아 리춘시장 겉은 바삭 속은 다양 8종류의 15개 모둠튀김을 한 번,0
234,음식 불만 있다면서 거의 다 먹어소비자 갑질에 자영업자 한숨,-1
235,집에서 만들어 먹는 마라탕 과연 식당 맛 재현될까 밀키트 브랜드별 제품,0
236,재밌는 중국 음식편 청두에서는 마라탕 대신 이것,0
237,배달거지에 당했다”음식점 사장이 분노한 이유 e글e글,0
238,2021 대한민국 퍼스트브랜드 대상 식품·외식 부문,0
239,마라라면 다 좋아 마라 마니아를 위한 마라 라면 6,0
240,이선빈 나이 들어도 변치 않는 감자 사랑백종원 빨간맛 마라탕 완성맛남,0
241,스트레이 키즈 리노X현진 아이돌 최초 4금도끼 금도끼 받으면 소고기 다이,0
242,차이나 포비아 마라탕까지 번졌나중국 음식점 발길 뚝,0
243,한진우의 TV 속 먹거리담론 얼얼한 매운맛 일품인 마라탕열 좀 내볼까,0
244,하지현의 사피엔스와 마음 마라탕과 중국집 그 심리적 거리,0
245,중국산 포비아에 마라탕·훠궈 불똥,-1
246,솔로이코노미 배달앱의 성장 이용자는 늘어나는데 해결되지 않은 문제들,-1
247,사랑도 그런 건 아닐까가수 이승윤 자작곡 마라탕 공개,0
248,중국인 가게는 좀” 마라탕도 된서리,0
249,잘 나가던 마라탕집도 찬물중국인 종업원 꺼려져요”,0
250,중국 사람이 직접 요리하고 전수하는 맛있다고 울지 마라탕,0
251,음식 상태 안 좋다고 새것 달라더니 배달거지가 이런 건가,0
252,세종다문화신문한국에서 유행하는 중국 마라탕,0
253,얼얼한 마라탕 건강에는 어떨까,0
254,마라탕 국물 중국인은 안 먹는다,0
255,마라탕 알고보니 칼로리 폭탄신라면의 3배,0
256,혓 속까지 얼얼한 마라탕 건강에는 어떨까,0
257,최기자가 한다 배우 류준열도 참여한 용기내 캠페인 저도 해봤습니다,0
258,한국인에 입맛에 딱 시흥시 정왕동 마라탕 맛집 천향오 화제,1
259,마라탕에서 탄탄면까지 간편한 중식요리 레시피,1
260,혓 속까지 얼얼한 마라탕 건강에는 어떨까,0
261,최기자가 한다 배우 류준열도 참여한 용기내 캠페인 저도 해봤습니다,0
262,한국인에 입맛에 딱 시흥시 정왕동 마라탕 맛집 천향오 화제,1
263,마라탕에서 탄탄면까지 간편한 중식요리 레시피,1
264,맛과 분위기 모두 잡은 감성 마라탕성공을 교류하는 꾼,0
265,스마트 리빙 마라탕 건더기 위주로 드세요,0
266,목요일 예능 시청률 미스트롯2 무려 38p 상승‥또 자체 최고,1
267,라니마라탕 한국인도 즐겨먹을 수 있는 마라탕 제공,0
268,하남맛집 탕화쿵푸마라탕 얼큰한 맛의 메뉴 제공,1
269,마라탕 전문점 라니마라탕 다양한 마라’ 활용 음식 선봬,0
270,최기자가 한다 배우 류준열도 참여한 용기내 캠페인 저도 해봤습니다,0
271,한국인에 입맛에 딱 시흥시 정왕동 마라탕 맛집 천향오 화제,1
272,마라탕에서 탄탄면까지 간편한 중식요리 레시피,1
273,맛과 분위기 모두 잡은 감성 마라탕성공을 교류하는 꾼,0
274,스마트 리빙 마라탕 건더기 위주로 드세요,0
275,목요일 예능 시청률 미스트롯2 무려 38p 상승‥또 자체 최고,1
276,라니마라탕 한국인도 즐겨먹을 수 있는 마라탕 제공,0
277,하남맛집 탕화쿵푸마라탕 얼큰한 맛의 메뉴 제공,1
278,마라탕 전문점 라니마라탕 다양한 마라’ 활용 음식 선봬,0
279,라니마라탕 한국인 입맛에 맞춘 마라탕으로 눈길,0
280,라니마라탕 한국인 입맛에 맞춘 마라탕으로 눈길,0
281,라니마라탕 한국인 입맛에 맞춘 마라탕 선봬,0
282,야오마라탕 천호점 한국인 입맛에 맞춘 한국식 마라탕으로 호평,0
283,사천 대표면 요리 전문 브랜드 야오마라탕 대구점 한국인의 입맞에 맞는 한국,0
284,인천 구월동 홍리마라탕 지역 맛집으로 눈길,1
285,신상 뜯어보기얼얼함과 풍성한 건더기 매력적이마트 피코크 마라탕,1
286,배달 거지에게 당했어요 억울함 호소한 업주무슨일,-1
287,식을 줄 모르는 마라 열풍피코크 마라탕 국·탕류 1위,1
288,피슈 마라홍탕 한국인 입맛 사로잡은 마라탕 맛집,1
289,인터뷰 차바우나 신부 사람은 죽고 싶은 마음보다 말하고 싶은 마음 더 커,0
290,간편식도 마라 열풍이마트 피코크 마라탕 국·탕류 1위,1
291,피슈 마라홍탕 한국인 입맛 사로잡은 마라탕 맛집,1
292,인터뷰 차바우나 신부 사람은 죽고 싶은 마음보다 말하고 싶은 마음 더 커,0
293,마라탕도 싫다홍콩시위 지지 대자보 갈등 대학가 반중감정확산 우려,-1
294,주피슈에프앤씨피슈마라홍탕 국내 최초 한국인 마라탕 프랜차이즈 미국까,0
295,CJ제일제당 에스닉 면’으로 겨울 성수기 잡는다사천 마라탕면 등 출시,1
296,맛남의 광장’ 이선빈 농산물 대변인’ 변신,0
297,아워홈 국물 요리 성수기 겨울 맞아 마라탕 등 출시,1
298,신상품 풀무원 땡초만두 아워홈 분말국마라탕 미스터피자 복희야 ,1
299,고소하면서도 감칠맛이 일품인 홍대 마라탕 맛집 마라텐샤,1
300,고소하면서도 감칠맛이 일품인 홍대 마라탕 맛집 마라텐샤,1
301,마라탕 · 양꼬치 식당 한산中 먹거리 괴담에 기피,0
302,그만 비비고 말아 여전한 중국음식의 마라탕 열풍 뚝딱쉐프몰의 사천마,1
303,그만 비비고 말아” 여전한 중국음식의 마라탕 열풍 뚝딱쉐프몰의 사,1
304,속보영암군청 4548번 확진자 4명 발생골탕마라탕 방문자 검사必코로,0
305,마라탕에서 샌드위치까지음식남녀 유혹 배달메뉴 BEST 5,0
306,마라탕의 진정한 맛을 느낄 수 있는 홍대입구역맛집 마라공방,1
307,맛 분위기 갖춘 대전 마라탕 맛집 야미마라탕 오픈기념 고객감사이벤트,1
308,신종 코로나에 인기 중국음식 마라탕도 휘청’,1
309,훠궈도 마라탕도 울었다인기 미식 양고기 코로나 직격탄에 휘청’,-1
310,훠궈도 마라탕도 울었다인기 미식 양고기 코로나 직격탄에 휘청’,-1
311,왕푸징훠궈·마라탕 영등포 신세계 백화점 내 훠궈 인기몰이中,1
312,뜨거워지는 한국·중국·일본의 매운 맛 삼국지,0
313,대구 중식당 호텔 인터불고엑스코 동보성 마라탕 프로모션 선보여,1
314,마라탕과 우육탕 진한 맛의 비밀은,0
315,군산 쌀국수 맛집 메오메오 얼큰한 마라탕면으로 마라맛집으로 등극,1
316,마라탕과 마라맛 스낵을 함께 먹는 이벤트,0
317,세미원푸드 뚝딱쉐프몰 사천마라탕면 출시 1인가구 공략,1
318,농심 마라고수高手 마라탕면’  얼얼한 마라탕 본연의 맛 살려,0
319,5분만에 간편하게 한국식 사천마라탕면 뚝딱’,0
320,농심 마라고수 마라탕면 출시,1
321,마라탕 초보라면 이 정도는 알고 가자 마라탕 맛있게 주문하는 꿀팁,0
322,농심 마라고수 마라탕면 출시,1
323,먹거리 열전 중국 정통 마라 면요리를 즐기고 싶다면”농심 마라고,0
324,마라탕과 우육탕 진한 맛의 비밀은,0
325,농심 마라고수 마라탕면 출시,1
326,이거 먹어 봤어 마라고수 마라탕면 닭똥집튀김 딥소스 팩’ 살사리,0
327,신상품라운지농심 中사천 정통 맛 마라고수 마라탕면 출시,1
328,식품 단신 농심 마라고수 마라탕면’ 출시 外,1
329,저녁메뉴 추천 마라탕 만들기 이렇게 간단할 일 먹고 싶은 재료와 마라탕 ,0
330,마라탕 본연의 맛 살렸다 농심 마라고수 마라탕면 출시,1
331,이거 먹어 봤어 마라고수 마라탕면 닭똥집튀김 딥소스 팩’ 살사리,0
332,신상품라운지농심 中사천 정통 맛 마라고수 마라탕면 출시,1
333,식품 단신 농심 마라고수 마라탕면’ 출시 外,1
334,저녁메뉴 추천 마라탕 만들기 이렇게 간단할 일 먹고 싶은 재료와 마라탕 ,0
335,피슈마라홍탕 깨끗하고 중독성 있는 한국형 마라탕 제공,0
336,라면도 마라 열풍풀무원 포기하지 마라탕면 대세 증명,-1
337,홍대·강남 일대 마라탕·훠궈집 줄줄이”中色 짙어진 외식업계,0
338,Opinion 마라탕 유행으로 추억이 된 마라 체험기 문화 전반,0
339,마라탕훠궈 열풍중국발 식재료 안전 빨간불’,-1
340,농심 마라고수高手 마라탕면 출시중국 현지의 맛 살려,1
341,식품 단신 농심 마라고수 마라탕면’ 출시 外,1
342,저녁메뉴 추천 마라탕 만들기 이렇게 간단할 일 먹고 싶은 재료와 마라탕 ,0
343,피슈마라홍탕 깨끗하고 중독성 있는 한국형 마라탕 제공,0
344,라면도 마라 열풍풀무원 포기하지 마라탕면 대세 증명,-1
345,홍대·강남 일대 마라탕·훠궈집 줄줄이”中色 짙어진 외식업계,0
346,Opinion 마라탕 유행으로 추억이 된 마라 체험기 문화 전반,0
347,마라탕훠궈 열풍중국발 식재료 안전 빨간불’,-1
348,양양군청 사천리 산불 확산 중 주민 안전 대피 요망보령 대천동 용인대반석,0
349,뜨거우면서도 시원하게 자체개발 소스로 즐기는 명동 마라탕 맛집 탕화쿵푸마,1
350,식품 단신 농심 마라고수 마라탕면’ 출시 外,1
351,농심 마라고수高手 마라탕면’ 출시,1
352,저녁메뉴 추천 마라탕 만들기 이렇게 간단할 일 먹고 싶은 재료와 마라탕 ,0
353,피슈마라홍탕 깨끗하고 중독성 있는 한국형 마라탕 제공,0
354,라면도 마라 열풍풀무원 포기하지 마라탕면 대세 증명,-1
355,홍대·강남 일대 마라탕·훠궈집 줄줄이”中色 짙어진 외식업계,0
356,Opinion 마라탕 유행으로 추억이 된 마라 체험기 문화 전반,0
357,마라탕훠궈 열풍중국발 식재료 안전 빨간불’,-1
358,양양군청 사천리 산불 확산 중 주민 안전 대피 요망보령 대천동 용인대반석,0
359,뜨거우면서도 시원하게 자체개발 소스로 즐기는 명동 마라탕 맛집 탕화쿵푸마,1
360,농심 마라고수高手 마라탕면’ 선보여,1
361,농심 마라탕면 출시중국법인과 공동개발,1
362,저녁메뉴 추천 마라탕 만들기 이렇게 간단할 일 먹고 싶은 재료와 마라탕 ,0
363,피슈마라홍탕 깨끗하고 중독성 있는 한국형 마라탕 제공,0
364,라면도 마라 열풍풀무원 포기하지 마라탕면 대세 증명,-1
365,홍대·강남 일대 마라탕·훠궈집 줄줄이”中色 짙어진 외식업계,0
366,Opinion 마라탕 유행으로 추억이 된 마라 체험기 문화 전반,0
367,마라탕훠궈 열풍중국발 식재료 안전 빨간불’,-1
368,양양군청 사천리 산불 확산 중 주민 안전 대피 요망보령 대천동 용인대반석,0
369,뜨거우면서도 시원하게 자체개발 소스로 즐기는 명동 마라탕 맛집 탕화쿵푸마,1
370,농심 정통 마라탕 구현 마라고수高手 마라탕면’ 선봬,0
371,농심 中 법인과 공동개발 마라고수 마라탕면’,0
372,저녁메뉴 추천 마라탕 만들기 이렇게 간단할 일 먹고 싶은 재료와 마라탕 ,0
373,피슈마라홍탕 깨끗하고 중독성 있는 한국형 마라탕 제공,0
374,라면도 마라 열풍풀무원 포기하지 마라탕면 대세 증명,-1
375,홍대·강남 일대 마라탕·훠궈집 줄줄이”中色 짙어진 외식업계,0
376,Opinion 마라탕 유행으로 추억이 된 마라 체험기 문화 전반,0
377,마라탕훠궈 열풍중국발 식재료 안전 빨간불’,-1
378,양양군청 사천리 산불 확산 중 주민 안전 대피 요망보령 대천동 용인대반석,0
379,뜨거우면서도 시원하게 자체개발 소스로 즐기는 명동 마라탕 맛집 탕화쿵푸마,1
380,농심 중국 사천지역 정통 구현한 마라고수 마라탕면 출시,1
381,농심 中 법인과 공동개발 마라고수 마라탕면’,0
382,저녁메뉴 추천 마라탕 만들기 이렇게 간단할 일 먹고 싶은 재료와 마라탕 ,0
383,피슈마라홍탕 깨끗하고 중독성 있는 한국형 마라탕 제공,0
384,라면도 마라 열풍풀무원 포기하지 마라탕면 대세 증명,-1
385,홍대·강남 일대 마라탕·훠궈집 줄줄이”中色 짙어진 외식업계,0
386,Opinion 마라탕 유행으로 추억이 된 마라 체험기 문화 전반,0
387,마라탕훠궈 열풍중국발 식재료 안전 빨간불’,-1
388,양양군청 사천리 산불 확산 중 주민 안전 대피 요망보령 대천동 용인대반석,0
389,뜨거우면서도 시원하게 자체개발 소스로 즐기는 명동 마라탕 맛집 탕화쿵푸마,1
390,농심 中 법인과 공동개발 마라고수 마라탕면’,0
391,농심 용기면 마라고수 마라탕면’ 선봬,0
392,저녁메뉴 추천 마라탕 만들기 이렇게 간단할 일 먹고 싶은 재료와 마라탕 ,0
393,피슈마라홍탕 깨끗하고 중독성 있는 한국형 마라탕 제공,0
394,라면도 마라 열풍풀무원 포기하지 마라탕면 대세 증명,-1
395,홍대·강남 일대 마라탕·훠궈집 줄줄이”中色 짙어진 외식업계,0
396,Opinion 마라탕 유행으로 추억이 된 마라 체험기 문화 전반,0
397,마라탕훠궈 열풍중국발 식재료 안전 빨간불’,-1
398,양양군청 사천리 산불 확산 중 주민 안전 대피 요망보령 대천동 용인대반석,0
399,뜨거우면서도 시원하게 자체개발 소스로 즐기는 명동 마라탕 맛집 탕화쿵푸마,1
400,농심 마라고수高手 마라탕면’ 출시,1
401,저녁메뉴 추천 마라탕 만들기 이렇게 간단할 일 먹고 싶은 재료와 마라탕 ,0
402,피슈마라홍탕 깨끗하고 중독성 있는 한국형 마라탕 제공,0
403,라면도 마라 열풍풀무원 포기하지 마라탕면 대세 증명,-1
404,홍대·강남 일대 마라탕·훠궈집 줄줄이”中色 짙어진 외식업계,0
405,Opinion 마라탕 유행으로 추억이 된 마라 체험기 문화 전반,0
406,마라탕훠궈 열풍중국발 식재료 안전 빨간불’,-1
407,양양군청 사천리 산불 확산 중 주민 안전 대피 요망보령 대천동 용인대반석,0
408,뜨거우면서도 시원하게 자체개발 소스로 즐기는 명동 마라탕 맛집 탕화쿵푸마,1
409,한국 언니 in 베이징 한국인이 보는 마라탕 보양식,0
410,마라탕 만들기 화제 속 월 매출 1억 3천 마라탕 집 어느정도 길래,0
411,마라탕 만들기 강렬한 매운맛 비결은 무엇,0
412,신상 뜯어보기쌀국수와 마라의 찐한 만남 마라탕 쌀국수,1
413,혼족어플 이진혁 마라탕도 단숨에매콤보이 별명별별TV,0
414,제주에서 만나는 중국의 맛 제주 마라탕 맛집 신룽푸마라탕,1
415,GS샵 마라 열풍타고 프레시지 사천마라탕·마라샹궈’ 론칭,1
416,2020 한국소비자평가 1위 마라탕 전문 브랜드 라화쿵부,1
417,한집 건너 마라탕집’ 혹해서 차리다 대만 카스테라’ 꼴 날라 뉴스 인,0
418,오감을 자극하는 대륙의 매운맛 마라麻辣’ 열풍에 창업 증가 마라탕·마,1
419,마라탕면 집에서 만드세요요똥을 요리의 신으로 만드는 女종합,0
420,오감을 자극하는 대륙의 매운맛 마라麻辣’ 열풍에 창업 증가 마라탕·마,1
421,마라탕면 집에서 만드세요요똥을 요리의 신으로 만드는 女종합,0
422,아워홈 겨울 시즌 맞아 바로먹는 분말국·마라탕 출시,1
423,올해의푸드마라탕 먹고 흑당밀크티로 속 달래고SNS 휩쓴 인싸 먹거리,1
424,카드뉴스위생 논란 마라탕 안전하게 먹을 수 있는 꿀 팁,-1
425,고품격 마라탕 브랜드 룰루마라’통 큰 런칭이벤트 화제,0
426,얼얼해도 다시 한번” 마라탕’에 반한 韓깨끗하게 마라’ 즐기는 방,0
427,이주의 검색툰 마라마라탕,0
428,대 유행 마라탕·흑설탕 음료 이면나트륨·당 범벅,0
429,혀가 얼얼하지만 잊지 못해 매운만큼 뜨거운 마라탕’의 열기,0
430,얼얼해도 다시 한번” 마라탕’에 반한 韓깨끗하게 마라’ 즐기는 방,0
431,이주의 검색툰 마라마라탕,0
432,대 유행 마라탕·흑설탕 음료 이면나트륨·당 범벅,0
433,혀가 얼얼하지만 잊지 못해 매운만큼 뜨거운 마라탕’의 열기,0
434,마라탕의 배신’에도 시들지 않는 인기···마라탕 전문점은 연일 북적’,1
435,위생 논란에도 마라탕 열풍 지속 직접 해먹자니 난감,-1
436,종합마라탕 맛집이라 믿었는데 위생불량 음식점에 배신감,-1
437,마라탕라면 마라탕 위생관리문제 대안으로 눈길,-1
438,논평위생불량 마라탕 일벌백계하라,-1
439,마라탕 어떻게 이런 공간에서 사람이 먹는 걸 만들 수 있나 충격 보고도 ,0
440,땀 뻘뻘 마라탕 열풍주방 상태 보면 식은땀,1
441,특유의 매운 맛 그러나 마라탕 위생은 없다,0
442,마라탕 열풍 주춤하나기름때 낀 주방에 유통기한 미표시도,1
443,불량 마라탕에 네티즌 들끓는 분노,0
444,마라탕 경악스런 위생 상태걸레 옆에서 만든 두부 먹었다 우리만 그런 거,0
445,마라탕 충격 위생도 다 말아드셨나어떻게 이런 공간에서 사람이 먹는 걸,0
446,맵다→마라하다 신조어 등장할 만큼 열풍인 마라탕 뭐길래,1
447,위생 적신호 켜진 마라탕 맛집 얼큰한 마라탕 집에서 만들 수 없을까,1
448,마라탕 얼얼한 매운 탕인데 이제 어쩌나,0
449,마라탕의 배신 황교익 식약처 급습 시의적절어차피 1년짜리,0
450,마라탕 얼얼하고 매운탕 그런데 왜,0
451,마라탕의 배신 황교익 식약처 급습 시의적절어차피 1년짜리,0
452,먹지마라 전국 유명 마라탕 맛집 37곳 위생 엉망,-1
453,자막뉴스 유명 마라탕 식당의 충격적인 위생 상태,0
454,믿었던 마라탕의 배신 차라리 만들어먹겠다” 유튜브서 마라탕 레시피 ,0
455,주방 보고 식은땀유명 마라탕 식당 위생은,0
456,마라탕 연일 화제인 이유는마라탕 뭐길래 만드는 방법은,0
457,찾아 먹던 마라탕의 배신찌든 때 · 찌꺼기 덕지덕지,0
458,마라탕  피자급 핫아이템 두각을  유행에 찬물을 찜찜한 주변 때문에,0
459,마라탕 열풍인데위생 불량’ 전문점 적발,-1
460,마라탕  피자급 핫아이템으로  유행에 찬물 찜찜한 주변,0
461,마라탕 열풍인데위생 불량’ 전문점 적발,-1
462,마라탕의 실체적발된 SNS 유명 식당들 리스트 보니,-1
463,마라탕 전문점 위생 논란 마라탕이 뭐길래집에서 마라탕 만드는 법은,-1
464,마라탕 기습 점검 결과 63곳 중 37곳 적발 위생상태 충격,-1
465,주방 보고 식은땀유명 마라탕 식당 위생은,0
466,위생적발 마라탕 벽·환풍기 새카만 기름때가스레인지에 양말도 3개월 ,-1
467,줄 서 먹던 마라탕’전문점 가보니 평소보다 발길 줄어,0
468,가게 내부 깔끔했지만 주방은 엉망’줄 서서 먹던 마라탕’ 위생 실태,-1
469,마라탕 麻辣烫 국물까지 마실 X  중국 음식의 저주  쓰촨성 마오차이冒,0
470,마라탕 식풍위생법 위반 23곳 어디 유명 맛집 다수 포함,-1
471,마라탕 기습 점검 해보니 위생상태 엉망적발된 곳 어디 충격,-1
472,위생적발 마라탕 벽·환풍기 새카만 기름때가스레인지에 양말도 3개월 ,-1
473,마라탕 맛집의 끔직한 위생에 집에서 마라탕 만들기 비법은 칼로리·재료·소,1
474,줄 서 먹던 마라탕’전문점 가보니 평소보다 발길 줄어,0
475,가게 내부 깔끔했지만 주방은 엉망’줄 서서 먹던 마라탕’ 위생 실태,-1
476,마라탕 麻辣烫 국물까지 마실 X  중국 음식의 저주  쓰촨성 마오차이冒,0
477,기름때가 덕지덕지’ 마라탕 위생 상태 네티즌들 충격’복통 있었는,0
478,유명하다는 그 마라탕 식당들일부 위생 상태 엉망,-1
479,마라탕 입안 마비 시키는 강렬한 매운 맛 비법은,0
480,마라탕 위생 충격,0
481,기름때가 덕지덕지’ 마라탕 위생 상태 네티즌들 충격’복통 있었는,0
482,유명하다는 그 마라탕 식당들일부 위생 상태 엉망,-1
483,마라탕 입안 마비 시키는 강렬한 매운 맛 비법은,0
484,우후죽순 마라탕 전문점입맛 가시는 비위생 주방,0
485,먹지 마라 마라탕일부 식당 주방위생 참혹,0
486,속이 안 좋아져” 마라탕집 비양심에 뿔난 소비자들,0
487,주방엔 기름때·재료는 비위생알고는 못 먹을 마라탕,0
488,마라탕한테 뒤통수 맞았네요 위생불량 마라탕집 어디길래,-1
489,마라탕 음식점 23곳 위생법 위반 적발,-1
490,먹지 마라 마라탕일부 식당 주방위생 참혹,0
491,속이 안 좋아져” 마라탕집 비양심에 뿔난 소비자들,0
492,주방엔 기름때·재료는 비위생알고는 못 먹을 마라탕,0
493,마라탕한테 뒤통수 맞았네요 위생불량 마라탕집 어디길래,-1
494,마라탕 음식점 23곳 위생법 위반 적발,-1
495,유명하다는 그 마라탕 식당들일부 위생 상태 엉망,-1
496,어제도 먹었는데”마라탕 음식점 절반이 위생불량’,-1
497,못믿을 마라탕 음식점집에서 즐기는 초간단 마라 황금레시피’,0
498,마라탕 왜 핫하지 샤브샤브처럼 먹거나 원하는 재료 한번에,0
499,마라탕 음식점 위생 불량 무더기 적발식약처가 공개한 업체 보니,-1
500,인기몰이 마라탕의 추락 불결한 주방 환경에 경악,1
501,마라탕’ 마라샹궈’ 등 전문음식점 37곳 식품위생법령 위반 적발,-1
502,못믿을 마라탕 음식점집에서 즐기는 초간단 마라 황금레시피’,0
503,마라탕 왜 핫하지 샤브샤브처럼 먹거나 원하는 재료 한번에,0
504,마라탕 음식점 위생 불량 무더기 적발식약처가 공개한 업체 보니,-1
505,법 위반 마라탕 주방 기름때에 식재료 창고 지저분,-1
506,얼얼하게 여름나기 마라탕에 굴하지 마라’,0
507,CJ제일제당 마라 열풍 반영한 백설 마라탕면 소스 출시,1
508,삼양식품 마라탕면 마라볶음면 2종 출시,1
509,서울 강남역·대림역 마라탕·마라요리 맛집 위치는마라 열풍 마라양념소,1
510,마라탕 음식점 등 식품위생법령 위반 37곳 적발,-1
511,마라탕 왜 핫하지 샤브샤브처럼 먹거나 원하는 재료 한번에,0
512,마라탕 음식점 위생 불량 무더기 적발식약처가 공개한 업체 보니,-1
513,법 위반 마라탕 주방 기름때에 식재료 창고 지저분,-1
514,얼얼하게 여름나기 마라탕에 굴하지 마라’,0
515,CJ제일제당 마라 열풍 반영한 백설 마라탕면 소스 출시,1
516,삼양식품 마라탕면 마라볶음면 2종 출시,1
517,서울 강남역·대림역 마라탕·마라요리 맛집 위치는마라 열풍 마라양념소,1
518,마라탕 vs 마라샹궈 우리나라 매운 맛과 전혀 달라 차이점 및 조리법은,0
519,베이징에서 유행하는 음식 마라탕 혀가 얼얼하게 마비되는 듯한 느낌,0
520,법 위반 마라탕 주방 기름때에 식재료 창고 지저분,-1
521,마라탕 전문 음식점 무더기 적발,-1
522,주방에 기름때 가득’마라탕 음식점 절반이 위생 불량’,0
523,얼얼하게 여름나기 마라탕에 굴하지 마라’,0
524,CJ제일제당 마라 열풍 반영한 백설 마라탕면 소스 출시,1
525,삼양식품 마라탕면 마라볶음면 2종 출시,1
526,서울 강남역·대림역 마라탕·마라요리 맛집 위치는마라 열풍 마라양념소,1
527,마라탕 vs 마라샹궈 우리나라 매운 맛과 전혀 달라 차이점 및 조리법은,0
528,베이징에서 유행하는 음식 마라탕 혀가 얼얼하게 마비되는 듯한 느낌,0
529,마라탕 얼마나 맛있길래 마사모 등장 혀가 저릴 정도로 얼얼,0
530,마라탕 마라샹궈 등 마라 요리 음식점 열풍 하지만 위생은 글쎄,1
531,얼얼하게 여름나기 마라탕에 굴하지 마라’,0
532,CJ제일제당 마라 열풍 반영한 백설 마라탕면 소스 출시,1
533,삼양식품 마라탕면 마라볶음면 2종 출시,1
534,서울 강남역·대림역 마라탕·마라요리 맛집 위치는마라 열풍 마라양념소,1
535,마라탕 vs 마라샹궈 우리나라 매운 맛과 전혀 달라 차이점 및 조리법은,0
536,베이징에서 유행하는 음식 마라탕 혀가 얼얼하게 마비되는 듯한 느낌,0
537,마라탕 얼마나 맛있길래 마사모 등장 혀가 저릴 정도로 얼얼,0
538,CJ제일제당 백설 마라탕면소스 출시,1
539,한국인의 입맛에 딱 구로디지털단지역 마라탕 맛집 룽푸청마라탕 인기,1
540,마라탕 얼마나 맛있길래 마사모 등장 혀가 저릴 정도로 얼얼,0
541,인기 만점 마라탕 마라샹궈 훠궈에도 들어가는 마라의 비밀은,1
542,CJ제일제당 백설 마라탕면소스 출시,1
543,한국인의 입맛에 딱 구로디지털단지역 마라탕 맛집 룽푸청마라탕 인기,1
544,SR새상품 CJ제일제당 마라 열풍 반영한 백설 마라탕면소스 출시,1
545,신상품 CJ제일제당 백설 마라탕면소스 풀무원푸드머스 포테토 두부스틱,1
546,삼양식품 마라탕면·마라볶음면 출시,1
547,쓰촨서 건너온 마라탕 열풍”초복 더위 이열치열로 날린다,1
548,마라탕 꿀팁,0
549,마라탕 인기 급상승 이유는 마라 뜻은,1
550,CJ제일제당 마라 열풍’ 반영한 백설 마라탕면소스 출시,1
551,신상품 CJ제일제당 백설 마라탕면소스 풀무원푸드머스 포테토 두부스틱,1
552,삼양식품 마라탕면·마라볶음면 출시,1
553,쓰촨서 건너온 마라탕 열풍”초복 더위 이열치열로 날린다,1
554,마라탕 꿀팁,0
555,마라탕 인기 급상승 이유는 마라 뜻은,1
556,얼얼알싸한 빨간 육수와 쫄깃한 면발로 중독성 갑이라는 포기하지마라탕면,-1
557,주말 추천 인기절정 마라탕의 맛 무엇 영혼이 불길에 휩싸이는 맛,1
558,마라탕맛집 홍리마라탕 NC부천점 토핑부터 매운맛 조절 가능해 초보자들에게,1
559,인문중국 국가대표 음식 마라탕촨촨마오차이 뭐가 다르지,0
560,CJ제일제당 백설 마라탕면소스 출시,1
561,신상품 CJ제일제당 백설 마라탕면소스 풀무원푸드머스 포테토 두부스틱,1
562,삼양식품 마라탕면·마라볶음면 출시,1
563,쓰촨서 건너온 마라탕 열풍”초복 더위 이열치열로 날린다,1
564,마라탕 꿀팁,0
565,마라탕 인기 급상승 이유는 마라 뜻은,1
566,얼얼알싸한 빨간 육수와 쫄깃한 면발로 중독성 갑이라는 포기하지마라탕면,-1
567,주말 추천 인기절정 마라탕의 맛 무엇 영혼이 불길에 휩싸이는 맛,1
568,마라탕맛집 홍리마라탕 NC부천점 토핑부터 매운맛 조절 가능해 초보자들에게,1
569,인문중국 국가대표 음식 마라탕촨촨마오차이 뭐가 다르지,0
570,삼양식품 마라탕면’마라볶음면’ 2종 출시,1
571,CJ제일제당 백설 마라탕면 소스 출시,1
572,쓰촨서 건너온 마라탕 열풍”초복 더위 이열치열로 날린다,1
573,마라탕 꿀팁,0
574,마라탕 인기 급상승 이유는 마라 뜻은,1
575,얼얼알싸한 빨간 육수와 쫄깃한 면발로 중독성 갑이라는 포기하지마라탕면,-1
576,주말 추천 인기절정 마라탕의 맛 무엇 영혼이 불길에 휩싸이는 맛,1
577,마라탕맛집 홍리마라탕 NC부천점 토핑부터 매운맛 조절 가능해 초보자들에게,1
578,인문중국 국가대표 음식 마라탕촨촨마오차이 뭐가 다르지,0
579,오늘의 유통 단신 GS샵 프레시지 사천마라탕·마라샹궈 론칭 外,0
580,삼양식품 마라탕면’·마라볶음면’ 2종 출시,1
581,CJ제일제당 백설 마라탕면 소스 출시,1
582,쓰촨서 건너온 마라탕 열풍”초복 더위 이열치열로 날린다,1
583,마라탕 꿀팁,0
584,마라탕 인기 급상승 이유는 마라 뜻은,1
585,얼얼알싸한 빨간 육수와 쫄깃한 면발로 중독성 갑이라는 포기하지마라탕면,-1
586,주말 추천 인기절정 마라탕의 맛 무엇 영혼이 불길에 휩싸이는 맛,1
587,마라탕맛집 홍리마라탕 NC부천점 토핑부터 매운맛 조절 가능해 초보자들에게,1
588,인문중국 국가대표 음식 마라탕촨촨마오차이 뭐가 다르지,0
589,오늘의 유통 단신 GS샵 프레시지 사천마라탕·마라샹궈 론칭 外,0
590,삼양식품 마라 열풍 발맞춰 마라탕면·마라볶음면 2종 출시,1
591,CJ제일제당 백설 마라탕면 소스 출시,1
592,쓰촨서 건너온 마라탕 열풍”초복 더위 이열치열로 날린다,1
593,마라탕 꿀팁,0
594,마라탕 인기 급상승 이유는 마라 뜻은,1
595,얼얼알싸한 빨간 육수와 쫄깃한 면발로 중독성 갑이라는 포기하지마라탕면,-1
596,주말 추천 인기절정 마라탕의 맛 무엇 영혼이 불길에 휩싸이는 맛,1
597,마라탕맛집 홍리마라탕 NC부천점 토핑부터 매운맛 조절 가능해 초보자들에게,1
598,인문중국 국가대표 음식 마라탕촨촨마오차이 뭐가 다르지,0
599,오늘의 유통 단신 GS샵 프레시지 사천마라탕·마라샹궈 론칭 外,0
600,주말 추천 인기절정 마라탕의 맛 무엇 영혼이 불길에 휩싸이는 맛,1
601,마라탕맛집 홍리마라탕 NC부천점 토핑부터 매운맛 조절 가능해 초보자들에게,1
602,인문중국 국가대표 음식 마라탕촨촨마오차이 뭐가 다르지,0
603,오늘의 유통 단신 GS샵 프레시지 사천마라탕·마라샹궈 론칭 外,0
604,마라 요리를 집에서 간편하게GS샵 23일 사천 마라탕·마라샹궈 방송,0
605,허브에세이마라탕 매운 맛 내는 화초 속을 따뜻하게,0
606,지평선 마라탕과 칭따오맥주,0
607,더본코리아 리춘시장 815모둠튀김 출시,1
608,유튜브표 이색음식이 뜬다 위메프 마라탕 판매 96배 상승,0
609,마라탕 中 매운맛에 매료’ 어떻게 먹어야 맛있을까,0
610,마라탕 中 매운맛에 매료’ 어떻게 먹어야 맛있을까,0
611,마라탕 마라샹궈 마라롱사중국 발 매운맛 마라 열풍 뜨겁다,1
612,마라탕도 배달 열기 뜨겁다배달앱 등록 음식점 수 전년比 10배 늘어나종,0
613,제주에서 맛보는 중국 오리지널 현지의 맛 제주 신룽푸마라탕,0
614,요즘 핫한 마라 일단 맛보면 멈출 수 없다 마라탕 마라샹궈 마라롱샤의,0
615,리얼푸드마라열풍 집에서도 즐긴다마라탕면’마라 새우’,1
616,韓 입맛 맞추려 3년간 마라탕만 먹어 마라열풍 개척자,1
617,마라탕·국물 닭발 매운 음식 먹고 아이스 아메리카노 마시면 위에 구멍 ,0
618,알싸얼얼 마라탕에 차돌박이 한가득 때려넣은 차돌마라탕면 비주얼,0
619,마덕·마세권 마라탕’ 안 먹었음 말을 마라,0
620,한집 건너 마라탕’ 대왕카스테라처럼 곧 사라질까,0
621,한국인의 입맛에 맞게 부담 없이 즐길 수 있는 시흥 마라탕 맛집 천향오,1
622,한국인 식탁 점령한 마라탕’ 드셔보셨나요,0
623,마라탕 한국인 입맛 사로잡은 이유는 중독성 강한 매운맛,0
624,마라탕 논란 위치가 용산구 마라토끼 마포구 손오공마라탕 등,-1
625,마라탕가게 위생점검서 절반 이상 위반 적발,-1
626,위생 불량’ 마라탕 전문점 37곳 적발,-1
627,삼양식품 마라탕면’·마라볶음면’ 2종 출시,1
628,CJ제일제당 백설 마라탕면 소스 출시,1
629,마라탕·떡볶이·와사비쫄면까지불황에 매운 맛 찾는 대한민국,0
630,마라탕·떡볶이·와사비쫄면까지불황에 매운 맛 찾는 대한민국,0
631,윤종신 남자들에게 사랑받는 이유 이별 후 이야기 공감,0
632,구로디지털단지역 룽푸청마라탕 중국 오리지날 마라탕의 맛을 이곳에서,0
633,마라탕 다음은 더 매운 음식 vs 에스닉 푸드 영상,0
634,탐방 탕화쿵푸마라탕 소스가 일품,0
635,마라 열풍에 이금기 훠궈 마라탕 소스 출시 한달만에 16만팩 판매,1
636,여름철 시원한 맥주와 함께 먹기 좋은 메뉴 인기,1
637,대전 월평동 중국음식 마라탕 맛집 팔요일 오픈기념 이벤트 실시,1
638,오직 마라탕으로만 승부한다 시흥시 정왕동 맛집 등초마라탕,1
639,오늘도 마라탕을 먹고 말았탕···마라탕 중독자 친구 때문에 머리 빠지겠,0
640,손끝으로 혀끝으로 맛봤다재한 중국인 한국서 보낸 특별한 춘절’,0
641,마라탕 유래는 사천 지역 길거리 음식으로 시작,0
642,전참시’ 이용진 마라탕 전문가 뷔페식 식당에서 지식 대방출,0
643,유재석이 방송 도중 무심코 내뱉은 말 반응 극명하게 엇갈리고 있다,0
644,이슈 리얼 중국맛에 빠진 한국인온·오프라인 마라탕 매출 화끈,0
645,위메프 마라탕 판매 96배 급증유튜브 먹방 효과 톡톡,0
646,마라탕 전문 홍리마라탕 중국요리의 진수 제대로 느낄 수 있는 맛집,1
647,마라탕 훠궈와 다른점필요한 재료와 만드는 법은,0
648,머니랩한집 건너 마라탕지금해도 될까,0
649,강남 마라탕 원하는 대로 고르는 45가지 재료 공깃밥은 공짜”,0
650,생방송투데이 강남 마라탕 본토의 맛 자랑월 매출 1억3천만원 TV캡처,0
651,생방송투데이 강남 마라탕 1억 3천 월매출 주인공은 20대 사장님 중국 본,0
652,생방송투데이 오늘방송맛집 강남 본토 마라탕 희래식당용산 냉동삼겹살 ,1
653,마라탕 창업 프랜차이즈 하오판다 에스닉푸드 마라탕으로 수도권 집중 공략,0
654,김근기 셰프의 대구 맛집 탐방 마라탕과 크림 꿔바로우의 환상적인 맛 마,1
655,동남아는 못 가도 에스닉푸드 못 잃어짜까·마라탕면 등 국내서도 맛본다,0
656,마라탕 전문 홍리마라탕 한국식으로 재해석한 마라탕 맛집으로 인기,1
657,맵다고 울지 마라마라 열풍에 이금기 훠궈 마라탕 소스 인기,1
658,마라탕 줄서서 먹어집에서 먹는 법,1
659,마라탕 음식점 등 37곳 식품위생법 위반 적발,-1
660,마라탕 줄서서 먹어집에서 먹는 법,1
661,마라탕 음식점 등 37곳 식품위생법 위반 적발,-1
662,마라탕 가게의 두 얼굴 2곳 중 1곳 식품위생법 어겼다,0
663,마라탕 식약처 점검에 수십곳 적발 주방에 찌든 기름때 가득,-1
664,중독적 매운맛 인기 마라탕 전문식당 법 위반 업소 대구서 2곳 적발,-1
665,게시판 삼양식품 마라탕면·마라볶음면 출시,1
666,게시판 CJ제일제당 백설 마라탕면 소스 출시,1
667,마라탕 새로운 간편식 인기상품으로 떠올라,1
668,훠거 샤브샤브 마니아라면 요즘 인싸 음식 마라탕 맛집 3,1
669,복날에 보신탕 옛말마라탕 냉메밀 등 나만의 보양식 찾는 요즘,0
670,중독적 매운맛 인기 마라탕 전문식당 법 위반 업소 대구서 2곳 적발,-1
671,게시판 삼양식품 마라탕면·마라볶음면 출시,1
672,게시판 CJ제일제당 백설 마라탕면 소스 출시,1
673,마라탕 새로운 간편식 인기상품으로 떠올라,1
674,훠거 샤브샤브 마니아라면 요즘 인싸 음식 마라탕 맛집 3,1
675,복날에 보신탕 옛말마라탕 냉메밀 등 나만의 보양식 찾는 요즘,0
676,광화문GO 초보자도 맛에 감탄한 중국인이 직접 추천한 마라탕,0
677,ESC 사랑니 빼고 피를 흘리면서도 마라탕을 먹었죠”,0
678,연말엔 매운 맛 스쿨푸드 딜리버리 마라탕면’ 눈길,0
679,마라 인싸들의 필수 코스 뜻은 도대체 무엇먹는 법도 다양 마라탕부터 마,1
680,마라탕 맛집은 박나래 마라샹궈 때문에 마라에 중독”,1
681,핫한 마라탕에 한국적 풍미가 살짝,0
682,스쿨푸드 딜리버리 마라탕면 출시,1
683,이금기 외식업계 매운맛 열풍 속 훠궈 마라탕소스 선보인다,1
684,생방송 투데이 마라탕 맵기도 조절 가능한 본토의 맛,0
685,생방송투데이 강남 마라탕마라샹궈 역삼동 희래식당오늘방송맛집,1
686,못 먹겠다는 손님에 새 음식 보내줬는데배달거지에 당했다,0
687,마라탕·카레우동中·日 현지의 맛에 빠지다,0
688,먹방’의 힘위메프 마라탕 매출 전년比 96배↑”,0
689,가맹모집 1년 만에 50개 돌파 배달 전성시대로 상승세 탄 네모푸드,1
690,먹방’의 힘위메프 마라탕 매출 전년比 96배↑”,0
691,가맹모집 1년 만에 50개 돌파 배달 전성시대로 상승세 탄 네모푸드,1
692,집에서 마라탕 만들 수 있는 초간단 마라탕 레시피는,0
693,똑 기자 꿀 정보 마라탕 vs 곰탕찬 바람 불 땐 뜨끈한 국물’,0
694,혼밥탐방 한국식 마라탕 홍대 손오공 마라탕 중국의 깊은 맛을 현지화한,0
695,마라탕 마라소스 만들기 간편하게 만드는 법은,0
696,마라탕 전문 하오판다 라화쿵부 골라 먹는 재미가 있는 마라탕·마라샹궈 프,0
697,김경아♥권재관 아침 식단 싸움 이럴 때마다 미워1호가 TV캡처,0
698,대한민국 마라탕 열풍 피슈마라홍탕 주목,1
699,中향신료 마라 열풍 편의점 CU 마라탕면 마라볶음면 인기,1
700,이지 보고서 유튜브 먹방 카피족 늘었다마라탕 재료 매출 96배↑,0
701,가맹모집 1년 만에 50개 돌파 배달 전성시대로 상승세 탄 네모푸드,1
702,집에서 마라탕 만들 수 있는 초간단 마라탕 레시피는,0
703,똑 기자 꿀 정보 마라탕 vs 곰탕찬 바람 불 땐 뜨끈한 국물’,0
704,혼밥탐방 한국식 마라탕 홍대 손오공 마라탕 중국의 깊은 맛을 현지화한,0
705,마라탕 마라소스 만들기 간편하게 만드는 법은,0
706,마라탕 전문 하오판다 라화쿵부 골라 먹는 재미가 있는 마라탕·마라샹궈 프,0
707,김경아♥권재관 아침 식단 싸움 이럴 때마다 미워1호가 TV캡처,0
708,대한민국 마라탕 열풍 피슈마라홍탕 주목,1
709,中향신료 마라 열풍 편의점 CU 마라탕면 마라볶음면 인기,1
710,김경아♥권재관 아침 식단 싸움 이럴 때마다 미워1호가 TV캡처,0
711,대한민국 마라탕 열풍 피슈마라홍탕 주목,1
712,中향신료 마라 열풍 편의점 CU 마라탕면 마라볶음면 인기,1
713,얼큰한 中요리’ 마라탕으로 성공한 꾼평생 배우며 살 것”,0
714,헤모맘 마라탕 마라향궈 그리고 마라롱샤,0
715,만화카페 창업브랜드 놀숲 마라탕마라샹궈 신메뉴 출시,1
716,日 시장 강타한 中 향신료 열풍마라탕 속 그것 인기,1
717,성수동 맛집 전자방 겨울철 신메뉴 마라탕 출시,1
718,제니 사칭 계정이 만나자 DM 당황한 이영지의 반응은,0
719,편스토랑 아이즈원 김채원 자극적 음식에 빠져있어특히 마라탕 좋아해,0
720,마라샹궈마라탕 어떤 요리 얼얼한 맛 호불호,0
721,색다른 매운맛이금기 훠궈 마라탕소스 등 선봬,0
722,텔리뷰 마라탕 맛있게 매운맛 비결 4단계 조절 고춧가루 2TV생생정보,0
723,훠궈딤섬마라탕 즐겨드신 조상들라카이코리아 中 동북공정 맞선 이색 ,0
724,생활의 달인 마라탕 피슈마라홍탕 선착순 가맹비 무료 이벤트 진행중,0
725,마라탕에 벌레 나왔다” 리뷰에 사장이 남긴 비꼬는 말,-1
726,요즘 인기 마라탕식품위생법 위반 업체 37곳 적발,-1
727,마라탕 바인쌔오 해외여행 가서 맛 본 그 맛,0
728,라황샹 마라탕면 국내 출시 1년만에 100만개 판매 돌파,1
729,마라탕 맛집 5,1
730,진마이랑 라황샹 마라탕면’ 국내 출시 1년만에 100만개 판매 돌파해,1
731,마라탕 맛집 5,1
732,리춘시장 이색적인 튀김 신메뉴 815모둠튀김 출시,1
733,월요병엔 마라탕”매운맛’에 꽂힌 식품외식업계,0
734,친하게 지냈지만 유명가수전 윤종신 애니 이영애설 해명,0
735,불고기 포함으로 주문했는데 마라탕에 고기가 없네요” 별 2개 리뷰의 반전,0
736,생활의 달인 맛집 총정리 마포구 상암동 마라탕 천안시 성정동 만두 위치,1
737,생활의 달인 상암동 마라탕 피슈 마라홍탕 비법 육수 홍유 화성장 레시피,0
738,생활의 달인 상암동 마라탕 vs 천안 만두 맛의 비결은 달인만의 비법 ,0
739,마라탕면·흑당밀크티 등편의점 국내외 원조 먹거리 출시로 매출 쑥쑥’,1
740,생활의 달인’ 마라탕의 달인 비법은···상암동 피슈 마라홍탕’,0
741,진마이랑 라황샹 마라탕면’ 100만개 판매 돌파,1
742,마라탕면·흑당밀크티 등편의점 국내외 원조 먹거리 출시로 매출 쑥쑥’,1
743,마라탕 얼얼하게 매운 중국 사천의 맛 관심 집중,0
744,마라탕은 무엇중국 요리 중 하나로 각종 채소와 고기 면이 들어간 요리,0
745,이상아 인플루언서 딸 일일 매니저일했다고 마라탕 사줘 ★해시태그,0
746,VJ특공대 이열치열 더운여름 맵고 얼얼한 중국 사천식 요리 마라탕,0
747,집에서 만드는 마라탕,0
748,마라탕면·탄탄면·제주마늘라면 등 무더위 스트레스 함께 날려버릴 이색라,0
749,KCA한국소비자평가 2021 KCA 딜리버리 푸드 어워즈 서울 지역 수상자 발표,1
750,이상아 인플루언서 딸 일일 매니저일했다고 마라탕 사줘 ★해시태그,0
751,VJ특공대 이열치열 더운여름 맵고 얼얼한 중국 사천식 요리 마라탕,0
752,집에서 만드는 마라탕,0
753,마라탕면·탄탄면·제주마늘라면 등 무더위 스트레스 함께 날려버릴 이색라,0
754,KCA한국소비자평가 2021 KCA 딜리버리 푸드 어워즈 서울 지역 수상자 발표,1
755,양꼬치 마라탕 등 중식 열풍에 백주 판매량↑,1
756,마라탕·양꼬치中음식 인기에 백주 찾는 소비자 늘었다,1
757,순정남 게임 속 맛있는 음식 절대 따라먹지 마세요 TOP 5,0
758,식객남녀 얼얼한 매운맛 中 현지인이 꼽은 대림동 마라탕 맛집,1
759,블랙핑크BLACKPINK 지수 마라탕 먹으며 함께 스트레스 날리고 싶은 스타,0
760,장마철 매운 마라탕 먹고 함께 스트레스 풀고 싶은 스타 3위 남주혁 2위 아이,0
761,유명가수전 윤종신 인생곡 애니 주인공 이영애 아니다 해명,0
762,시원한 맥주와 함께 식사와 안주로도 활용할 수 있는 메뉴,0
763,두부 전성시대면부터 샐러드 두부관련 이색 조리도구까지 등장,0
764,식객남녀 대륙의 입맛을 사로잡은 마라탕의 향연,0
765,KCA한국소비자평가 한식 등 2021 KCA 딜리버리 푸드 어워즈 서울 지역 수상,1
766,임신 5개월 맞아 안소미 식단조절 실패 호소 7㎏ 쪄 마라탕에 빠져 자다가,-1
767,리얼푸드간편 소스 가정간편식집쿡 장점 모아 성장세,0
768,VJ 특공대 이열치열 더위잡는 매운맛 열전 고추탕 마라탕부터 매운 봉지,0
769,더본코리아 리춘시장 815모둠튀김 출시,1
770,더본코리아 리춘시장 815모둠튀김 출시,1
771,토마토칼럼몰개성과 무매력,0
772,VJ특공대’ 이열치열 매운맛 매운 짬뽕·마라탕·봉지해물찜·매운국물버거,0
773,윤종신 각종 의혹 해명 인생곡 애니’ 주인공 이영애 아냐” 유명가수전,0
774,눈으로 먹는 마라탕···부부의 세계’ 하차각 재 드립니다 보다보니,0
775,맛남의 광장 이선빈 백종원표 마라탕 폭풍 흡입 T데이,0
776,뮤직엑세스’ 안예은 임영웅 가수님과 작업하고파 마라탕 설레”,0
777,얼얼하게 매운 중독의 맛 마라탕’,0
778,대전 도마동 로충칭마라탕 고객의 입맛에 안성맞춤 음식으로 인기,1
779,2021년 4월 프랜차이즈 정보공개서 신규등록 163개 명단 공개,0
780,2021년 4월 프랜차이즈 정보공개서 신규등록 163개 명단 공개,0
781,이상아 마스크 써도 빛나는 무결점 피부 딸이랑 마라탕 먹으러 ★해시태그,0
782,새로움 더한 이색 두부 요리 인기에 두부프레스 주목,1
783,WORLD FEATURE마라탕을 아시나요남경대 학생식당 탐방,0
784,윤종신 인생곡 애니 주인공이 이영애 친하게 지냈지만 유명가수전,0
785,SDT 강원재특전사 박도현 TMI 인터뷰 공개둘 다 반민초단,0
786,삼시네세끼’ 젝키 마라탕맛 합숙기 나영석 숏폼 흥행불패 이룰까TV보고서,0
787,음식도 차이나포비아코로나19 칭따오·마라탕’ 안 먹는다,0
788,유명 맛집 셰프들의 요리 집에서 레스토랑간편식RMR로 즐긴다,1
789,마라탕 프랜차이즈 국내 브랜드 마라홀릭 가맹점주 모집,0
790,관악구청 이태원 킹클럽 관련 신림동 20대 확진男 동선 공개쿡 PC방·탕화,0
791,토종 브랜드 마라홀릭 마라탕 프랜차이즈 체인점 모집,0
792,당진시청 2122번 청양29번 역학 조사 공개신성대 공학관 해나루뷔페 탕화,0
793,중국산 포비아 마라탕집도 찬물,0
794,마라탕·중국산 김치 먹어도 되나요”이번엔 먹거리 괴담’,0
795,CLC 장예은 굿걸 마라탕맛 매운 분위기 속 성장했죠★FULL인터뷰,0
796,사랑은 뷰티풀 인생은 원더풀 조윤희 윤박 만나 게스트 섭외 진우오민석,0
797,마라탕 프랜차이즈 라화쿵부 예비 창업자를 위한 창업지원 이벤트 진행,0
798,코로나19 직격탄에 서울 식당 10년 전’보다 줄어,-1
799,글로벌 종합외식문화기업으로 도약하는 신림 마라탕 맛집 라화쿵푸 인기,1
800,빅스 라비 엑소 카이와 귀여운 카톡 대화 공개 원시가 마라탕 묵자 ft 깨,0
801,전효성 어쩌다 마주친’서 의진과 함께 오겹살마라탕 폭풍 먹방,0
802,중국요리 훠궈 마라탕 대전 관평동 맛집 만당채 오픈 기념 이벤트,1
803,뉴스피처 마라탕·양꼬치·중국산 김치신종 코로나가 만든 먹거리 괴담,0
804,가정간편식도 마라 열풍피코크 마라탕 된장찌개 제쳤다,1
805,맛슐랭’ 정미애 홍현희와 마라탕 도전군침 자극 비주얼,0
806,브레이브걸스 용형 샤넬백 선물 나이순 고가 제품으로 주인 정해져 화보,0
807,다른 것도 아닌 비빔밥을 중국산”도넘은 PPL 공분’,0
808,NO마라탕” NO차이나”분야 넓히는 우한폐렴 공포증,0
809,박준형♥ 김지혜 간헐적 단식 후 즐긴 낮술발걸음도 신이나,0
810,맛슐랭’ 정미애 홍현희와 함께 마라탕 도전 군침 자극 비주얼’,0
811,브레이브걸스 용형 샤넬백 선물 나이순 고가 제품으로 주인 정해져 화보,0
812,다른 것도 아닌 비빔밥을 중국산”도넘은 PPL 공분’,0
813,NO마라탕” NO차이나”분야 넓히는 우한폐렴 공포증,0
814,박준형♥ 김지혜 간헐적 단식 후 즐긴 낮술발걸음도 신이나,0
815,국내 마라탕의 대중화를 이루어낸 대표브랜드 피슈마라홍탕 2020 대한민국,0
816,중국 특색이 담긴 천안 신부동 마라탕 맛집 구구왕마라탕,1
817,동상이몽2 강남 이상화 부부의 마라탕 먹방,0
818,딤섬·훠궈는 한국 전통음식”만우절 맞아 역동북공정’,0
819,마라탕 창업 라화쿵부 꾸준한 전국 매장 오픈 비결은,1
820,동상이몽2 강남 이상화 부부의 마라탕 먹방,0
821,딤섬·훠궈는 한국 전통음식”만우절 맞아 역동북공정’,0
822,마라탕 창업 라화쿵부 꾸준한 전국 매장 오픈 비결은,1
823,동상이몽2 강남♥이상화 달달한 신혼 아침→계단 체력장까지ft마라탕 ,0
824,동상이몽2’ 강남♥이상화가 로컬 중국의 맛 느낀 신룽푸 마라탕 화제’,0
825,전효성 의진과 함께 오겹살마라탕 폭풍 먹방,0
826,불황 속 빛난 2019 스타상품4 CU 마라탕면,0
827,황제성 아내 마라탕 사온 성훈에 감동 자주 오세요”나 혼자 산다,0
828,이마트 피코크 마라탕 국·탕류 1위 차지,1
829,놀부 마라탕 도전배달 전문 브랜드 타이거마라 론칭,0
830,나 혼자 산다 황제성 아내 박초은 성훈이 사온 마라탕에 감동자주 오셨,0
831,이마트 피코크 마라탕 국·탕류 1위 차지,1
832,놀부 마라탕 도전배달 전문 브랜드 타이거마라 론칭,0
833,놀부 마라 전문 브랜드 타이거마라’로 마라탕 시장 진출,1
834,2020 소비자가 뽑은 한국의 영향력 있는 브랜드 대상 따청푸드  마라탕 부,0
835,역주행’ 브레이브걸스 화보 방송 도장깨기 中서머퀸 욕심나”,0
836,왕따 폭로’ 에이프릴 출신 이현주 유튜브 개설,0
837,조현 마라탕 폭풍 흡입 중에도 여신 자태‥갈수록 예뻐져,0
838,리춘시장 푸짐한 815모둠튀김 출시,1
839,속보 대구시 블로그 코로나19 확진자 세부동선 공개 19세女 달서구 코인,0
840,이마트 피코크 마라탕 출시 13일만에 매출 1위,1
841,놀부 마라탕 도전배달 전문 브랜드 타이거마라 론칭,0
842,놀부 마라 전문 브랜드 타이거마라’로 마라탕 시장 진출,1
843,2020 소비자가 뽑은 한국의 영향력 있는 브랜드 대상 따청푸드  마라탕 부,0
844,역주행’ 브레이브걸스 화보 방송 도장깨기 中서머퀸 욕심나”,0
845,왕따 폭로’ 에이프릴 출신 이현주 유튜브 개설,0
846,조현 마라탕 폭풍 흡입 중에도 여신 자태‥갈수록 예뻐져,0
847,리춘시장 푸짐한 815모둠튀김 출시,1
848,속보 대구시 블로그 코로나19 확진자 세부동선 공개 19세女 달서구 코인,0
849,트렌드톡톡 스트레스가 쌓인다고마라탕 한 그릇 뚝딱하세요,1
850,속보 대구시 블로그 코로나19 확진자 세부동선 공개 19세女 달서구 코인,0
851,트렌드톡톡 스트레스가 쌓인다고마라탕 한 그릇 뚝딱하세요,1
852,CJ제일제당 쌀국수 마라탕면 등 에스닉 면으로 겨울 성수기 공략,0
853,마라탕 창업 라화쿵부 전국 물류로 지방 창업도 OK,0
854,채선당 샤브보트 1인 마라탕 샤브로 인기몰이,1
855,이준석 내 마음속 춘천은 닭갈비 막국수 고장으로”,0
856,농심 마라고수 마라탕면 출시중국법인과 공동개발,1
857,삼시네세끼’ 공식 포스터 젝스키스 마라탕맛 합숙 라이프,0
858,김구라 마라탕 가게 차릴거라는 아들 그리에 말도 안 되는 얘기해,0
859,6시내고향 별빛남문시장 안혜경·천명훈 홀린 양꼬치·마라탕 맛집,1
860,마라탕 창업 라화쿵부 전국 물류로 지방 창업도 OK,0
861,채선당 샤브보트 1인 마라탕 샤브로 인기몰이,1
862,이준석 내 마음속 춘천은 닭갈비 막국수 고장으로”,0
863,농심 마라고수 마라탕면 출시중국법인과 공동개발,1
864,삼시네세끼’ 공식 포스터 젝스키스 마라탕맛 합숙 라이프,0
865,김구라 마라탕 가게 차릴거라는 아들 그리에 말도 안 되는 얘기해,0
866,6시내고향 별빛남문시장 안혜경·천명훈 홀린 양꼬치·마라탕 맛집,1
867,이색 마라메뉴를 원한다면 홍대 마라탕 맛집 육대장의 신메뉴 마라 육개장,1
868,이태원 킹클럽 갔던 신림동 확진자PC방·마라탕·국숫집 등 방문,0
869,관악구 이태원 클럽 확진자 동선공개 PC방 마라탕 국수집,0
870,이태원 킹클럽 갔던 신림동 확진자PC방·마라탕·국숫집 등 방문,0
871,관악구 이태원 클럽 확진자 동선공개 PC방 마라탕 국수집,0
872,칭다오맥주 기피 중국산 김치·마라탕 안먹는다차이나포비아 기승,0
873,광주 맛집 애상마라탕 마라탕 전문점 창업 열풍 가운데 충장로 지점 오픈,1
874,마라탕·양꼬치 먹어도 신종코로나 감염,0
875,2층짜리 마라탕집 텅텅소상공인 98 매출 떨어졌다,0
876,먹거리 괴담 불안감마라탕 · 중국산 김치도 안 먹어,0
877,그만 비비고 말아 뚝딱쉐프몰의 사천마라탕면,0
878,아웃백 배달메뉴 제2 전성기···마라탕·아이스크림도 집에서,0
879,브레이브걸스 인생 역전 실감서머퀸 공석 욕심난다 화보,0
880,엠빅X로드맨 대만 카스테라가 없어진 진짜’ 이유 마라탕 흑당버블티의,0
881,더본코리아 리춘시장 이색적인 튀김 신메뉴 815모둠튀김 선보여,1
882,피코크 마라탕 반응 뜨겁네된장찌개 제치고 1위,1
883,회풍식품㈜ 천향란 대표 TBS 슈퍼라디오CHN서 라화쿵부 마라탕 창업을 알,0
884,No Japan 이어 No China 등장 마라탕도 그만 먹어야,0
885,2019 한국소비자평가 1위 마라탕 전문 프랜차이즈 라공방,1
886,잠실 송리단길 맛집  중국가정식 진지아 전골식 마라탕 마라곱창전골’ M,1
887,김치마라탕·김치선·김치석류만두  김치의 변신,0
888,마라탕도 싫다홍콩시위 대자보 갈등 대학가 반중감정우려,-1
889,인터뷰 불광불급 브레이브걸스,0
890,더본코리아 리춘시장 이색적인 튀김 신메뉴 815모둠튀김 출시,1
891,잠실 송리단길 맛집  중국가정식 진지아 전골식 마라탕 마라곱창전골’ M,1
892,김치마라탕·김치선·김치석류만두  김치의 변신,0
893,마라탕도 싫다홍콩시위 대자보 갈등 대학가 반중감정우려,-1
894,인터뷰 불광불급 브레이브걸스,0
895,겨울 간식 뭐 먹지 식품업계 호빵호떡마라탕면까지 간식 열전,0
896,마라탕전문점 라화쿵부 오리온 마라맛 스낵 증정 행사 진행,0
897,신상품 CJ제일제당 베트남 쌀국수사천 마라탕면 오뚜기 채황 롯데제,1
898,세미원푸드의 뚝딱쉐프몰 마라탕면 매출 120 증가세,1
899,세미원푸드의 뚝딱쉐프몰 마라탕면 120 매출 신장,0
900,세미원푸드의 뚝딱쉐프몰 마라탕면 120 매출 신장,0
901,스푸파2 백종원 자자 주문 방법 허궈나 마라탕이랑 비슷,0
902,볶은 김치 들어간 마라탕 파파야 동치미 들어보셨나요,0
903,오븐마루치킨 매운맛 마라탕에 치킨 치킨마라탕’ 출시,1
904,에이프릴 나은 홍진영과 다이어트 공감대 마라탕먹고 굶었어요,0
905,빈센조 中기업 PPL논란에 다른 드라마도 소환,-1
906,뉴스투데이 E 농심 마라고수 마라탕면’ 용기면 출시 中법인과 공동개,1
907,얄피만두·마라탕면풀무원 밀레니얼 공략 박차 출발 좋다,0
908,홍대 손오공 마라탕 오픈 키친으로 주방시설 개선,1
909,풀무원 포기하지 마라탕면’ 오프라인 출시 한 달 만에 100만 봉지 판매,-1
910,뉴스투데이 E 농심 마라고수 마라탕면’ 용기면 출시 中법인과 공동개,1
911,얄피만두·마라탕면풀무원 밀레니얼 공략 박차 출발 좋다,0
912,홍대 손오공 마라탕 오픈 키친으로 주방시설 개선,1
913,풀무원 포기하지 마라탕면’ 오프라인 출시 한 달 만에 100만 봉지 판매,-1
914,TV북마크 유명가수전’ 윤종신 해명 이영애 애니 아냐” 종합,0
915,서울 한식당 10년간 1만곳 문 닫을 때 일식 759곳·중식 103곳 늘었다,0
916,역주행’ 브레이브걸스 용형 샤넬백 선물 나이순으로 주인 정해져”,0
917,강남맛집 희래식당 핫한 마라탕 요리로 소비자들에 눈도장,1
918,★픽 복면가왕 목욕탕 정체는 유상무마라탕 김인석 꺾고 2라운드 진,0
919,마라탕 만들기 김보성 신길동 캡사이신 한통 넣고 무모한 의리 표출,0
920,풀무원 포기하지 마라탕면 한달새 100만 봉지 팔려상시 판매 계획,-1
921,TV북마크 유명가수전’ 윤종신 해명 이영애 애니 아냐” 종합,0
922,서울 한식당 10년간 1만곳 문 닫을 때 일식 759곳·중식 103곳 늘었다,0
923,역주행’ 브레이브걸스 용형 샤넬백 선물 나이순으로 주인 정해져”,0
924,강남맛집 희래식당 핫한 마라탕 요리로 소비자들에 눈도장,1
925,★픽 복면가왕 목욕탕 정체는 유상무마라탕 김인석 꺾고 2라운드 진,0
926,마라탕 만들기 김보성 신길동 캡사이신 한통 넣고 무모한 의리 표출,0
927,포인트1분이상민 마라탕에 김보성 이원희 매운맛 부심사천고추에 캡사이,0
928,복면가왕 마라탕 개그맨 김인석 신봉선에 가족 같은 친구였는데 서운함 ,0
929,복면가왕’ 목욕탕 2R 진출마라탕 정체 개그맨 김인석,1
930,풀무원 포기하지 마라탕면’ 한 달 만에 100만 봉지 판매,-1
931,TV북마크 유명가수전’ 윤종신 해명 이영애 애니 아냐” 종합,0
932,서울 한식당 10년간 1만곳 문 닫을 때 일식 759곳·중식 103곳 늘었다,0
933,역주행’ 브레이브걸스 용형 샤넬백 선물 나이순으로 주인 정해져”,0
934,강남맛집 희래식당 핫한 마라탕 요리로 소비자들에 눈도장,1
935,★픽 복면가왕 목욕탕 정체는 유상무마라탕 김인석 꺾고 2라운드 진,0
936,마라탕 만들기 김보성 신길동 캡사이신 한통 넣고 무모한 의리 표출,0
937,포인트1분이상민 마라탕에 김보성 이원희 매운맛 부심사천고추에 캡사이,0
938,복면가왕 마라탕 개그맨 김인석 신봉선에 가족 같은 친구였는데 서운함 ,0
939,복면가왕’ 목욕탕 2R 진출마라탕 정체 개그맨 김인석,1
940,복면가왕 마라탕 개그맨 김인석 신봉선에 가족 같은 친구였는데 서운함 ,0
941,복면가왕’ 목욕탕 2R 진출마라탕 정체 개그맨 김인석,1
942,식욕 돋는 가을아이스크림도 마라탕도 배달됩니다,0
943,미우새 김보성 고스트페퍼 추가된 마라탕 시식 후 헛기침 매워서 그런거 ,0
944,혼족어플’ 이진혁 마라탕 먹방에 강한나 매콤보이” 경악결정적장면,0
945,혼족어플 강한나X이진혁 핫한 나 되기 마라탕 도전 맵찔VS맵덕,0
946,GS샵 프레시지 사천마라탕·마라샹궈 판매,0
947,통 큰 할인쿠폰의 유혹을 참지 못한 자의 최후,0
948,마라탕 위생 때문에 고민 철저한 위생관리 돋보이는 마라고메,0
949,가볍고 든든한 식품 인기홈플러스 착한 열량 상품 기획전,1
950,혼족어플 맵초보 강한나X매콤보이 이진혁 마라탕 도전,0
951,GS샵 프레시지 사천마라탕·마라샹궈 판매,0
952,통 큰 할인쿠폰의 유혹을 참지 못한 자의 최후,0
953,마라탕 위생 때문에 고민 철저한 위생관리 돋보이는 마라고메,0
954,가볍고 든든한 식품 인기홈플러스 착한 열량 상품 기획전,1
955,Q 마라탕 먹을 때 이 중 딱 한 가지만 넣을 수 있다면 어떤 사리를 넣으시겠,0
956,1인 1솥’ 원칙 고수꾼의 마라탕 국물엔 특별한 비법이,0
957,정직함으로 음식을 만드는 천안 맛집 로방한우마라탕 성공의 정석 꾼에 소,1
958,유명가수전 윤종신 TOP3태호이정권에 명곡 제조 비법 공개,0
959,정시아 아수라장 MC발탁믿을 만한 정보도 공유할 수 있는 공간,0
960,Q 마라탕 먹을 때 이 중 딱 한 가지만 넣을 수 있다면 어떤 사리를 넣으시겠,0
961,1인 1솥’ 원칙 고수꾼의 마라탕 국물엔 특별한 비법이,0
962,정직함으로 음식을 만드는 천안 맛집 로방한우마라탕 성공의 정석 꾼에 소,1
963,유명가수전 윤종신 TOP3태호이정권에 명곡 제조 비법 공개,0
964,정시아 아수라장 MC발탁믿을 만한 정보도 공유할 수 있는 공간,0
965,상웨이훠궈마라탕 건물주가 선호하는 외식업 창업 아이템으로 인기,1
966,김기동의 차이나 클래스 한국인 입맛에 딱 양꼬치 마라탕 이을 중국음식,0
967,조선족이라고 무시 反中정서 확산때마다 서러운 대림동,0
968,더본코리아 리춘시장 튀김 신메뉴 815모둠튀김 출시,1
969,격해진 반중 정서에 불똥’ 고립된 대림동 중국 동포들,-1
970,분말국마라탕 아워홈 간편식 국‧탕 신제품 출시,1
971,풀무원 생면식감 포기하지 마라탕면’ 온라인 완판 이어 오프라인 판매 시,-1
972,러블리즈 서지수 마라탕 중독 휴가 받으면 마라탕 먹을 것,0
973,한화이글스 이번 시즌 아직 포기하지 마라탕면’” 이기욱 풀무원식품 P,-1
974,조현 다들 저녁드셨나요헤어밴드 좋아 마라탕 먹방 삼매경,0
975,안녕 다니엘 강다니엘 마라탕 까르보나라 완성무서운 영화는 고양이,0
976,TL 토니안 강타 덕분에 마라탕 처음 먹어봐,0
977,풀무원 생면식감 포기하지 마라탕면 오프라인 판매 시작,-1
978,고품격 마라탕 브랜드 룰루마라 통 큰 런칭이벤트,0
979,마라탕 전문 음식점 위생상태 점검 결과 충격,0
980,TL 토니안 강타때문에 마라탕 첫 경험엄청 맛있었다,0
981,풀무원 생면식감 포기하지 마라탕면 오프라인 판매 시작,-1
982,고품격 마라탕 브랜드 룰루마라 통 큰 런칭이벤트,0
983,마라탕 전문 음식점 위생상태 점검 결과 충격,0
984,풀무원 생면식감 포기하지 마라탕면’ 조기완판2차 한정판 11번가 오픈,-1
985,뉴스AS 대만 카스테라 다음은 마라탕돌고 도는 자영업 리스크’,-1
986,사설 먹거리로 장난친 불량 마라탕 업체에 철퇴 내려야,0
987,황교익 마라탕 위생 논란 한 건 하고 튀자는 시장 분위기가 문제,-1
988,씨줄날줄 마라탕의 눈물황수정 논설위원,-1
989,엠빅뉴스 한국인 맵부심 사로잡은 마라탕의 끔찍한 위생상태,0
990,풀무원식품 생면식감 포기하지마라 마라탕면 대형마트 판매개시,-1
991,마라탕 전문 음식점 위생상태 점검 결과 충격,0
992,풀무원 생면식감 포기하지 마라탕면’ 조기완판2차 한정판 11번가 오픈,-1
993,뉴스AS 대만 카스테라 다음은 마라탕돌고 도는 자영업 리스크’,-1
994,사설 먹거리로 장난친 불량 마라탕 업체에 철퇴 내려야,0
995,황교익 마라탕 위생 논란 한 건 하고 튀자는 시장 분위기가 문제,-1
996,씨줄날줄 마라탕의 눈물황수정 논설위원,-1
997,엠빅뉴스 한국인 맵부심 사로잡은 마라탕의 끔찍한 위생상태,0
998,애벌레 나왔어요” 마라탕 음식점 후기 재조명,-1
999,마라탕 위생 불량 소식이 무더위 더 짜증,0
1000,풀무원 생면식감 포기하지 마라탕면’ 조기완판2차 한정판 11번가 오픈,-1
1001,뉴스AS 대만 카스테라 다음은 마라탕돌고 도는 자영업 리스크’,-1
1002,사설 먹거리로 장난친 불량 마라탕 업체에 철퇴 내려야,0
1003,황교익 마라탕 위생 논란 한 건 하고 튀자는 시장 분위기가 문제,-1
1004,씨줄날줄 마라탕의 눈물황수정 논설위원,-1
1005,엠빅뉴스 한국인 맵부심 사로잡은 마라탕의 끔찍한 위생상태,0
1006,애벌레 나왔어요” 마라탕 음식점 후기 재조명,-1
1007,마라탕 위생 불량 소식이 무더위 더 짜증,0
1008,마라탕 전문 음식점 경악스런 위생 실태걸레 옆에서 만든 건두부 판매 우,0
1009,마라탕의 배신 위생불량 유명 식당 어디 이대로 괜찮은가,-1
